Name,SKU,B&H URL,Image URL
Canon EOS R100 Mirrorless Camera with 18-45mm Lens,1769090,https://www.bhphotovideo.com/c/product/1769090-REG/canon_6052c012_eos_r100_mirrorless_camera.html,https://static.bhphoto.com/images/images500x500/1684885584_1769090.jpg
Canon EOS R50 V Mirrorless Camera,1886961,https://www.bhphotovideo.com/c/product/1886961-REG/canon_6895c002_eos_r50_v_mirrorless.html,https://static.bhphoto.com/images/images500x500/1742993170_1886961.jpg
Sony a7 V Mirrorless Camera,1935439,https://www.bhphotovideo.com/c/product/1935439-REG/sony_a7_v_mirrorless_camera.html,
Canon EOS R6 Mark III Mirrorless Camera,1928858,https://www.bhphotovideo.com/c/product/1928858-REG/canon_eos_r6_mark_iii.html,
Canon EOS R5 Mark II Mirrorless Camera with Essentials+ Kit,1908101,https://www.bhphotovideo.com/c/product/1908101-REG/canon_eos_r5_mark_ii.html,
Canon EOS R6 Mark II Mirrorless Camera,1733214,https://www.bhphotovideo.com/c/product/1733214-REG/canon_eos_r6_mark_ii.html,
FUJIFILM X-T30 III Mirrorless Camera with 13-33mm f/3.5-6.3 Lens (Charcoal Silver),1926410,https://www.bhphotovideo.com/c/product/1926410-REG/fujifilm_16966957_x_t30_iii_mirrorless_camera.html,
FUJIFILM X-T30 III Mirrorless Camera with 13-33mm f/3.5-6.3 Lens (Silver),1926411,https://www.bhphotovideo.com/c/product/1926411-REG/fujifilm_16966969_x_t30_iii_mirrorless_camera.html,
Canon EOS R5 Mark II Mirrorless Camera,1840289,https://www.bhphotovideo.com/c/product/1840289-REG/canon_6536c002_eos_r5_mark_ii.html,
Hasselblad X2D II 100C Medium Format Mirrorless Camera,1908829,https://www.bhphotovideo.com/c/product/1908829-REG/hasselblad_cp_hb_00000927_01_x2d_ii_100c_medium.html,
FUJIFILM X-T30 III Mirrorless Camera with 13-33mm f/3.5-6.3 Lens (Black),1926409,https://www.bhphotovideo.com/c/product/1926409-REG/fujifilm_16966880_x_t30_iii_mirrorless_camera.html,
Canon EOS R5 Mirrorless Camera,1547009,https://www.bhphotovideo.com/c/product/1547009-REG/canon_4147c002_eos_r5_mirrorless_camera.html,
Sony a6700 Mirrorless Camera with Basic Bundle,1795921,https://www.bhphotovideo.com/c/product/1795921-REG/sony_sony_a6700_mirrorless_camera.html,
FUJIFILM X-T30 III Mirrorless Camera (Silver),1926405,https://www.bhphotovideo.com/c/product/1926405-REG/fujifilm_16957346_x_t30_iii_mirrorless_camera.html,
Sony a7 IV Mirrorless Camera with Basic Bundle,1732436,https://www.bhphotovideo.com/c/product/1732436-REG/sony_sony_a7_iv_mirrorless.html,
Sony ZV-E10 II Mirrorless Camera with 16-50mm f/3.5-5.6 Lens and Basic Bundle (Black),1843756,https://www.bhphotovideo.com/c/product/1843756-REG/sony_zv_e10_ii_mirrorless_camera.html,
Sony a6700 Mirrorless Camera with 16-50mm f/3.5-5.6 II Lens and Basic Bundle,1928284,https://www.bhphotovideo.com/c/product/1928284-REG/sony_a6700_mirrorless_camera_with.html,
Nikon Z8 Mirrorless Camera,1765622,https://www.bhphotovideo.com/c/product/1765622-REG/nikon_z8_mirrorless_camera.html,
Canon EOS R8 Mirrorless Camera,1748813,https://www.bhphotovideo.com/c/product/1748813-REG/canon_eos_r8_mirrorless_camera.html,
Canon EOS R7 Mirrorless Camera,1707911,https://www.bhphotovideo.com/c/product/1707911-REG/canon_eos_r7_mirrorless_camera.html,
Nikon Z6 III Mirrorless Camera with Basic Bundle,1853975,https://www.bhphotovideo.com/c/product/1853975-REG/nikon_z6_iii_mirrorless_camera.html,
Sony ZV-E10 Mirrorless Camera with 16-50mm f/3.5-5.6 II Lens (Black),1912025,https://www.bhphotovideo.com/c/product/1912025-REG/sony_zve10kb_zv_e10_mirrorless_camera_with.html,
Canon EOS R50 Mirrorless Camera with 18-45mm Lens (Black),1748812,https://www.bhphotovideo.com/c/product/1748812-REG/canon_eos_r50_with_rf_s.html,
Nikon Z6 III Mirrorless Camera,1834803,https://www.bhphotovideo.com/c/product/1834803-REG/nikon_z6_iii_mirrorless_camera.html,
FUJIFILM X-M5 Mirrorless Camera with XC 15-45mm f/3.5-5.6 Lens (Black),1899781,https://www.bhphotovideo.com/c/product/1899781-REG/fujifilm_16953950_x_m5_body_black_with.html,
Canon EOS R50 Mirrorless Camera (Black),1748810,https://www.bhphotovideo.com/c/product/1748810-REG/canon_eos_r50_mirrorless_camera.html,
FUJIFILM X-E5 Mirrorless Camera with XF 23mm f/2.8 Lens (Black),1900551,https://www.bhphotovideo.com/c/product/1900551-REG/fujifilm_16949882_x_e5_mirrorless_camera_with.html,
Sony a1 II Mirrorless Camera,1861705,https://www.bhphotovideo.com/c/product/1861705-REG/sony_a1_ii_mirrorless_camera.html,
